#CHROM	Start	End	REF	ALT_expected	CB	Cell_type_observed	Base_observed	Num_reads
chr10	43605520	43605520	A	G	CAGGTGCGTAAATACG	basophil	G	6
chr10	62644429	62644429	T	C	AGTCTTTCATGCGCAC	basophil	T	5
chr10	81136924	81136924	T	G	GGGAATGTCACGACTA	basophil	T	1
chr10	81136924	81136924	T	G	AGTCTTTCATGCGCAC	basophil	T	1
chr12	102866805	102866805	A	T	AGTCTTTCATGCGCAC	basophil	A	1
chr14	74909844	74909844	A	G	GGGAATGTCACGACTA	basophil	A	7
chr14	74909844	74909844	A	G	AGTCTTTCATGCGCAC	basophil	A	1
chr14	74909844	74909844	A	G	CAGGTGCGTAAATACG	basophil	A	1
chr16	64823848	64823848	A	G	GCATGTATCTTGCAAG	basophil	A	2
chr18	31796444	31796444	T	C	ACATACGTCATTGCGA	basophil	T	1
chr18	31796444	31796444	T	C	AGTCTTTCATGCGCAC	basophil	T	1
chr19	11393010	11393010	A	G	CACCTTGGTCGACTAT	basophil	G	1
chr19	11393010	11393010	A	G	CAGGTGCGTAAATACG	basophil	A	1
chr2	73909284	73909284	C	T	AGTCTTTCATGCGCAC	basophil	C	2
chr2	119609836	119609836	T	C	AGTCTTTCATGCGCAC	basophil	T	1
chr2	163635040	163635040	C	T	CACCTTGGTCGACTAT	basophil	C	1
chr2	163635040	163635040	C	T	CAGGTGCGTAAATACG	basophil	C	1
chr2	163635040	163635040	C	T	AGTCTTTCATGCGCAC	basophil	C	1
chr3	105728678	105728678	G	A	AGTCTTTCATGCGCAC	basophil	G	3
chr3	105728678	105728678	G	A	GCATGTATCTTGCAAG	basophil	G	1
chr5	88783005	88783005	A	G	ACATACGTCATTGCGA	basophil	A	2
chr5	88783005	88783005	A	G	ACATACGTCATTGCGA	basophil	G	1
chr5	88783005	88783005	A	G	CAGGTGCGTAAATACG	basophil	A	1
chr7	25293938	25293938	A	G	CAGGTGCGTAAATACG	basophil	A	1
chr7	25293938	25293938	A	G	GGGAATGTCACGACTA	basophil	A	2
chr7	25293938	25293938	A	G	ACATACGTCATTGCGA	basophil	A	1
chr7	63932321	63932321	T	A	AGTCTTTCATGCGCAC	basophil	T	4
chr9	114592229	114592229	T	C	ACATACGTCATTGCGA	basophil	T	1
chr1	80715420	80715420	T	C	TAGGCATAGCCACGCT	basophil	T	2
chr12	84971731	84971731	A	G	CTAATGGAGGGCTTCC	basophil	A	3
chr18	31691246	31691246	C	T	TGATTTCTCTCTAGGA	basophil	C	4
chr18	31691246	31691246	C	T	CTAATGGAGGGCTTCC	basophil	C	2
chr19	53923438	53923438	C	G	GGGCACTGTACACCGC	basophil	C	2
chr19	53923438	53923438	C	G	TGATTTCTCTCTAGGA	basophil	C	2
chr4	42992699	42992699	T	C	CTAATGGAGGGCTTCC	basophil	T	1
chr6	38577211	38577211	A	G	TAGGCATAGCCACGCT	basophil	A	2
chr6	128968038	128968038	T	A	CTAATGGAGGGCTTCC	basophil	T	3
